fromNode,toNode,weight,direction
Met_neg_1078,Met_neg_1179,0.10882501762891972,undirected
Met_neg_1078,Met_neg_1212,0.06810880965841026,undirected
Met_neg_1078,Met_neg_124,0.1108362228452669,undirected
Met_neg_1078,Met_neg_1268,0.09288659912653961,undirected
Met_neg_1078,Met_neg_1395,0.08924792022718811,undirected
Met_neg_1078,Met_neg_1572,0.026943671081612774,undirected
Met_neg_1078,Met_neg_164,0.028340737343856007,undirected
Met_neg_1078,Met_neg_1877,0.1371012097862911,undirected
Met_neg_1078,Met_neg_2160,0.11097773283259478,undirected
Met_neg_1078,Met_neg_2200,0.024443720341573827,undirected
Met_neg_1078,Met_neg_2281,0.07450294311079543,undirected
Met_neg_1078,Met_neg_2352,0.08314892582351298,undirected
Met_neg_1078,Met_neg_2437,0.10910525963648068,undirected
Met_neg_1078,Met_neg_335,0.2224941237054687,undirected
Met_neg_1078,Met_neg_374,0.0364537208512294,undirected
Met_neg_1078,Met_neg_45,0.1756269625881056,undirected
Met_neg_1078,Met_neg_47,0.026110231737399497,undirected
Met_neg_1078,Met_neg_648,0.029044398652310576,undirected
Met_neg_1078,Met_neg_719,0.15973309083193893,undirected
Met_neg_1078,Met_neg_789,0.07335940337541895,undirected
Met_neg_1078,Met_neg_868,0.1060964845953195,undirected
Met_neg_1078,Met_neg_939,0.08317863960957106,undirected
Met_neg_1078,Met_neg_949,0.13416675138749048,undirected
Met_neg_1078,Met_neg_95,0.13538729475601663,undirected
Met_neg_1078,Met_pos_1098,0.06905915780592099,undirected
Met_neg_1078,Met_pos_111,0.02335292197972453,undirected
Met_neg_1078,Met_pos_1118,0.092886087663865,undirected
Met_neg_1078,Met_pos_1131,0.022015043052889708,undirected
Met_neg_1078,Met_pos_1161,0.11997657761988997,undirected
Met_neg_1078,Met_pos_1203,0.09381213984502736,undirected
Met_neg_1078,Met_pos_1451,0.12112049926520252,undirected
Met_neg_1078,Met_pos_1476,0.04379106327933797,undirected
Met_neg_1078,Met_pos_1591,0.12046143411693037,undirected
Met_neg_1078,Met_pos_1624,0.034407186992813255,undirected
Met_neg_1078,Met_pos_1653,0.17392970702993737,undirected
Met_neg_1078,Met_pos_1809,0.13086080108627135,undirected
Met_neg_1078,Met_pos_2065,0.060547565356542446,undirected
Met_neg_1078,Met_pos_2146,0.10976893034004577,undirected
Met_neg_1078,Met_pos_2305,0.08283013834465763,undirected
Met_neg_1078,Met_pos_2311,0.06950347811252412,undirected
Met_neg_1078,Met_pos_2397,0.09502317380724967,undirected
Met_neg_1078,Met_pos_253,0.06254080095207823,undirected
Met_neg_1078,Met_pos_2553,0.1106010211758198,undirected
Met_neg_1078,Met_pos_2622,0.07072746243138003,undirected
Met_neg_1179,Met_neg_1212,0.04354278229545492,undirected
Met_neg_1179,Met_neg_124,0.06340853245212603,undirected
Met_neg_1179,Met_neg_1268,0.09496809531524047,undirected
Met_neg_1179,Met_neg_1395,0.1068166462669852,undirected
Met_neg_1179,Met_neg_1572,0.02118194274530051,undirected
Met_neg_1179,Met_neg_164,0.02644053289841375,undirected
Met_neg_1179,Met_neg_1877,0.09916526774501373,undirected
Met_neg_1179,Met_neg_2160,0.11368059993904711,undirected
Met_neg_1179,Met_neg_2200,0.03200420865124602,undirected
Met_neg_1179,Met_neg_2281,0.10910311032500378,undirected
Met_neg_1179,Met_neg_2352,0.10317002504776542,undirected
Met_neg_1179,Met_neg_2437,0.11326220753043467,undirected
Met_neg_1179,Met_neg_335,0.12257518131659677,undirected
Met_neg_1179,Met_neg_374,0.02857374985509617,undirected
Met_neg_1179,Met_neg_45,0.10496651363501446,undirected
Met_neg_1179,Met_neg_47,0.025139051737879455,undirected
Met_neg_1179,Met_neg_648,0.0471950761395461,undirected
Met_neg_1179,Met_neg_719,0.0991033774209892,undirected
Met_neg_1179,Met_neg_789,0.04568461104366847,undirected
Met_neg_1179,Met_neg_868,0.11103460321145611,undirected
Met_neg_1179,Met_neg_939,0.042659510332374036,undirected
Met_neg_1179,Met_neg_949,0.09954505521632473,undirected
Met_neg_1179,Met_neg_95,0.09054878238924946,undirected
Met_neg_1179,Met_pos_1098,0.06127875329280413,undirected
Met_neg_1179,Met_pos_1118,0.12297208670831224,undirected
Met_neg_1179,Met_pos_1131,0.029128210331126187,undirected
Met_neg_1179,Met_pos_1161,0.06302671898773407,undirected
Met_neg_1179,Met_pos_1203,0.05194139866159944,undirected
Met_neg_1179,Met_pos_1451,0.06519824247036535,undirected
Met_neg_1179,Met_pos_1476,0.02381046550706608,undirected
Met_neg_1179,Met_pos_1591,0.06927437315401638,undirected
Met_neg_1179,Met_pos_1624,0.03986618339519285,undirected
Met_neg_1179,Met_pos_1653,0.13945034172897908,undirected
Met_neg_1179,Met_pos_1809,0.0767352207051912,undirected
Met_neg_1179,Met_pos_2065,0.0336682036544473,undirected
Met_neg_1179,Met_pos_2146,0.045661749187522756,undirected
Met_neg_1179,Met_pos_2305,0.06114735039042526,undirected
Met_neg_1179,Met_pos_2311,0.0706686534980972,undirected
Met_neg_1179,Met_pos_2397,0.05378303629739515,undirected
Met_neg_1179,Met_pos_253,0.039053553344876264,undirected
Met_neg_1179,Met_pos_2553,0.06400385171890104,undirected
Met_neg_1179,Met_pos_2622,0.04841299666149766,undirected
Met_neg_1212,Met_neg_124,0.0295313789244768,undirected
Met_neg_1212,Met_neg_1268,0.04624161048150892,undirected
Met_neg_1212,Met_neg_1395,0.04834640633330056,undirected
Met_neg_1212,Met_neg_2160,0.025990871543951872,undirected
Met_neg_1212,Met_neg_2281,0.042902619008882134,undirected
Met_neg_1212,Met_neg_2352,0.040656999853220833,undirected
Met_neg_1212,Met_neg_2437,0.038086866347816356,undirected
Met_neg_1212,Met_neg_335,0.06963034799531893,undirected
Met_neg_1212,Met_neg_45,0.024545880653755014,undirected
Met_neg_1212,Met_neg_719,0.0383035827412762,undirected
Met_neg_1212,Met_neg_868,0.050733693792109257,undirected
Met_neg_1212,Met_neg_939,0.0536829779234401,undirected
Met_neg_1212,Met_neg_949,0.032153898427083584,undirected
Met_neg_1212,Met_neg_95,0.029327850551106253,undirected
Met_neg_1212,Met_pos_1118,0.0484907788435272,undirected
Met_neg_1212,Met_pos_1161,0.020090527376197376,undirected
Met_neg_1212,Met_pos_1451,0.020273980788545098,undirected
Met_neg_1212,Met_pos_1591,0.03260636779224416,undirected
Met_neg_1212,Met_pos_1653,0.06958215482664344,undirected
Met_neg_1212,Met_pos_253,0.036401914469845455,undirected
Met_neg_1212,Met_pos_2553,0.03230171777676248,undirected
Met_neg_124,Met_neg_1268,0.04710992629798791,undirected
Met_neg_124,Met_neg_1395,0.04309792185630565,undirected
Met_neg_124,Met_neg_1877,0.062140777121981586,undirected
Met_neg_124,Met_neg_2160,0.04527561964127756,undirected
Met_neg_124,Met_neg_2200,0.023917145000483104,undirected
Met_neg_124,Met_neg_2281,0.030345018832042363,undirected
Met_neg_124,Met_neg_2305,0.025638631171873285,undirected
Met_neg_124,Met_neg_2352,0.055232636347016126,undirected
Met_neg_124,Met_neg_2437,0.06625277774234488,undirected
Met_neg_124,Met_neg_335,0.13922427326066814,undirected
Met_neg_124,Met_neg_45,0.08350952523141347,undirected
Met_neg_124,Met_neg_719,0.09517423411426157,undirected
Met_neg_124,Met_neg_789,0.04510835130198357,undirected
Met_neg_124,Met_neg_868,0.06650938567468945,undirected
Met_neg_124,Met_neg_939,0.07343288145626865,undirected
Met_neg_124,Met_neg_949,0.06400048152387414,undirected
Met_neg_124,Met_neg_95,0.09970856219826418,undirected
Met_neg_124,Met_pos_1098,0.06716490752135312,undirected
Met_neg_124,Met_pos_1118,0.04395289466293323,undirected
Met_neg_124,Met_pos_1161,0.08596363931511451,undirected
Met_neg_124,Met_pos_1203,0.14692241376425014,undirected
Met_neg_124,Met_pos_1451,0.08537560436722841,undirected
Met_neg_124,Met_pos_1476,0.03603018994548037,undirected
Met_neg_124,Met_pos_1591,0.15802764853369236,undirected
Met_neg_124,Met_pos_1653,0.09832386272667917,undirected
Met_neg_124,Met_pos_1809,0.08849360565503017,undirected
Met_neg_124,Met_pos_2065,0.02322611128421446,undirected
Met_neg_124,Met_pos_2146,0.06944411078418282,undirected
Met_neg_124,Met_pos_2305,0.06465076684413068,undirected
Met_neg_124,Met_pos_2311,0.05343001172974799,undirected
Met_neg_124,Met_pos_2397,0.1427698352023381,undirected
Met_neg_124,Met_pos_253,0.06483130035657854,undirected
Met_neg_124,Met_pos_2553,0.16192196142322707,undirected
Met_neg_124,Met_pos_2622,0.058612973980870925,undirected
Met_neg_1268,Met_neg_1395,0.1628959897528271,undirected
Met_neg_1268,Met_neg_1877,0.03756732284389544,undirected
Met_neg_1268,Met_neg_2160,0.0588900337416022,undirected
Met_neg_1268,Met_neg_2281,0.0979884731874645,undirected
Met_neg_1268,Met_neg_2352,0.09507909447578615,undirected
Met_neg_1268,Met_neg_2437,0.08786220782512852,undirected
Met_neg_1268,Met_neg_335,0.1065392918602144,undirected
Met_neg_1268,Met_neg_45,0.0426514667369562,undirected
Met_neg_1268,Met_neg_648,0.022042089917472384,undirected
Met_neg_1268,Met_neg_719,0.07015644783551564,undirected
Met_neg_1268,Met_neg_789,0.026107446576428814,undirected
Met_neg_1268,Met_neg_868,0.1047912461065312,undirected
Met_neg_1268,Met_neg_939,0.0309855819916194,undirected
Met_neg_1268,Met_neg_949,0.05696881555619733,undirected
Met_neg_1268,Met_neg_95,0.06402619349312787,undirected
Met_neg_1268,Met_pos_1098,0.02847603150779064,undirected
Met_neg_1268,Met_pos_1118,0.11106190180588527,undirected
Met_neg_1268,Met_pos_1161,0.032600106218755594,undirected
Met_neg_1268,Met_pos_1203,0.030451183346874938,undirected
Met_neg_1268,Met_pos_1451,0.03347782589684949,undirected
Met_neg_1268,Met_pos_1591,0.05692196195048526,undirected
Met_neg_1268,Met_pos_1653,0.12247346735942097,undirected
Met_neg_1268,Met_pos_1809,0.032175339351049145,undirected
Met_neg_1268,Met_pos_2146,0.02283195233340408,undirected
Met_neg_1268,Met_pos_2305,0.02957844757999993,undirected
Met_neg_1268,Met_pos_2311,0.031733826323763925,undirected
Met_neg_1268,Met_pos_2397,0.03110808744628381,undirected
Met_neg_1268,Met_pos_253,0.03390623793536641,undirected
Met_neg_1268,Met_pos_2553,0.053603403665521396,undirected
Met_neg_1268,Met_pos_2622,0.027980814602358295,undirected
Met_neg_1395,Met_neg_1877,0.04636994399142377,undirected
Met_neg_1395,Met_neg_2160,0.08139964373756882,undirected
Met_neg_1395,Met_neg_2281,0.11892996260096304,undirected
Met_neg_1395,Met_neg_2352,0.10510874179942463,undirected
Met_neg_1395,Met_neg_2437,0.1000259695917914,undirected
Met_neg_1395,Met_neg_335,0.10308573108853283,undirected
Met_neg_1395,Met_neg_45,0.049351067416570936,undirected
Met_neg_1395,Met_neg_47,0.020979576592280506,undirected
Met_neg_1395,Met_neg_648,0.03435926286372537,undirected
Met_neg_1395,Met_neg_719,0.06952733296117852,undirected
Met_neg_1395,Met_neg_789,0.029113990688605425,undirected
Met_neg_1395,Met_neg_868,0.11317671032319082,undirected
Met_neg_1395,Met_neg_939,0.034055816140407494,undirected
Met_neg_1395,Met_neg_949,0.07118348295261451,undirected
Met_neg_1395,Met_neg_95,0.06653543931902664,undirected
Met_neg_1395,Met_pos_1098,0.033524444873775996,undirected
Met_neg_1395,Met_pos_1118,0.1331177658621849,undirected
Met_neg_1395,Met_pos_1131,0.02564521867031823,undirected
Met_neg_1395,Met_pos_1161,0.03662131114534261,undirected
Met_neg_1395,Met_pos_1203,0.03223236470240865,undirected
Met_neg_1395,Met_pos_1451,0.037879354356857395,undirected
Met_neg_1395,Met_pos_1591,0.05209706363404868,undirected
Met_neg_1395,Met_pos_1624,0.024948627166977974,undirected
Met_neg_1395,Met_pos_1653,0.12588843595527893,undirected
Met_neg_1395,Met_pos_1809,0.03744165732076281,undirected
Met_neg_1395,Met_pos_2146,0.02374254513474587,undirected
Met_neg_1395,Met_pos_2305,0.03733390651627642,undirected
Met_neg_1395,Met_pos_2311,0.040995862411583005,undirected
Met_neg_1395,Met_pos_2397,0.033339512547164475,undirected
Met_neg_1395,Met_pos_253,0.033167281867405314,undirected
Met_neg_1395,Met_pos_2553,0.049185367111377554,undirected
Met_neg_1395,Met_pos_2622,0.031441655014306104,undirected
Met_neg_1572,Met_neg_2281,0.02653232090628449,undirected
Met_neg_1572,Met_neg_2437,0.027033768154392932,undirected
Met_neg_1572,Met_neg_335,0.028467984355425933,undirected
Met_neg_1572,Met_neg_868,0.0216824618634315,undirected
Met_neg_1572,Met_neg_939,0.052605869863951625,undirected
Met_neg_1572,Met_pos_1118,0.02706559553470273,undirected
Met_neg_1572,Met_pos_1653,0.02729645570065129,undirected
Met_neg_164,Met_neg_2281,0.020557880705521597,undirected
Met_neg_164,Met_neg_2352,0.02888953571111655,undirected
Met_neg_164,Met_neg_2437,0.03109219159560852,undirected
Met_neg_164,Met_neg_335,0.03398644582781643,undirected
Met_neg_164,Met_neg_719,0.025996358478488614,undirected
Met_neg_164,Met_neg_868,0.02954313743585608,undirected
Met_neg_164,Met_neg_95,0.020520254556527232,undirected
Met_neg_164,Met_pos_1118,0.024840778416693795,undirected
Met_neg_164,Met_pos_1591,0.020240733700306185,undirected
Met_neg_164,Met_pos_1653,0.0372460135677825,undirected
Met_neg_1877,Met_neg_2160,0.0491426599811584,undirected
Met_neg_1877,Met_neg_2281,0.059862986799500466,undirected
Met_neg_1877,Met_neg_2352,0.0769392912349152,undirected
Met_neg_1877,Met_neg_2437,0.10379273260788818,undirected
Met_neg_1877,Met_neg_335,0.1720968415424984,undirected
Met_neg_1877,Met_neg_374,0.02568889969298812,undirected
Met_neg_1877,Met_neg_45,0.18032147165542617,undirected
Met_neg_1877,Met_neg_719,0.09221393612451273,undirected
Met_neg_1877,Met_neg_789,0.038471251319300834,undirected
Met_neg_1877,Met_neg_868,0.09785072896818782,undirected
Met_neg_1877,Met_neg_939,0.031103835562893947,undirected
Met_neg_1877,Met_neg_949,0.06954645972671568,undirected
Met_neg_1877,Met_neg_95,0.06832334979742613,undirected
Met_neg_1877,Met_pos_1098,0.03619780300892695,undirected
Met_neg_1877,Met_pos_1118,0.07533230560709954,undirected
Met_neg_1877,Met_pos_1161,0.047801358173393246,undirected
Met_neg_1877,Met_pos_1203,0.03872820162629274,undirected
Met_neg_1877,Met_pos_1451,0.049056642518135046,undirected
Met_neg_1877,Met_pos_1591,0.07394822421161157,undirected
Met_neg_1877,Met_pos_1653,0.13245451231257094,undirected
Met_neg_1877,Met_pos_1809,0.0723182894871611,undirected
Met_neg_1877,Met_pos_2065,0.02833894643120504,undirected
Met_neg_1877,Met_pos_2146,0.06030463085565232,undirected
Met_neg_1877,Met_pos_2305,0.047646170961886156,undirected
Met_neg_1877,Met_pos_2311,0.05322265680904205,undirected
Met_neg_1877,Met_pos_2397,0.04038700451566246,undirected
Met_neg_1877,Met_pos_253,0.027066162357810612,undirected
Met_neg_1877,Met_pos_2553,0.0675241171401051,undirected
Met_neg_1877,Met_pos_2622,0.037595889447463754,undirected
Met_neg_2160,Met_neg_2281,0.13095223356645766,undirected
Met_neg_2160,Met_neg_2352,0.09787910875594798,undirected
Met_neg_2160,Met_neg_2437,0.1300316306019584,undirected
Met_neg_2160,Met_neg_335,0.1311023525329394,undirected
Met_neg_2160,Met_neg_45,0.06183140264853923,undirected
Met_neg_2160,Met_neg_648,0.03726529636379365,undirected
Met_neg_2160,Met_neg_719,0.09289951318701531,undirected
Met_neg_2160,Met_neg_789,0.02875538459742196,undirected
Met_neg_2160,Met_neg_868,0.1042076420715793,undirected
Met_neg_2160,Met_neg_939,0.03078588375625946,undirected
Met_neg_2160,Met_neg_949,0.05657373055956677,undirected
Met_neg_2160,Met_neg_95,0.07442057543689905,undirected
Met_neg_2160,Met_pos_1098,0.028723130272465112,undirected
Met_neg_2160,Met_pos_1118,0.14725222745338049,undirected
Met_neg_2160,Met_pos_1161,0.04477842713884447,undirected
Met_neg_2160,Met_pos_1203,0.028675195202179683,undirected
Met_neg_2160,Met_pos_1451,0.04595564982224896,undirected
Met_neg_2160,Met_pos_1591,0.057163242338677193,undirected
Met_neg_2160,Met_pos_1624,0.02526062701683541,undirected
Met_neg_2160,Met_pos_1653,0.12933220147089855,undirected
Met_neg_2160,Met_pos_1809,0.041385996411455496,undirected
Met_neg_2160,Met_pos_2146,0.031267872212980274,undirected
Met_neg_2160,Met_pos_2305,0.03749715254727136,undirected
Met_neg_2160,Met_pos_2311,0.03835445037390115,undirected
Met_neg_2160,Met_pos_2397,0.029632787116932246,undirected
Met_neg_2160,Met_pos_253,0.02322599369339049,undirected
Met_neg_2160,Met_pos_2553,0.053922082617241664,undirected
Met_neg_2160,Met_pos_2622,0.029538972755963195,undirected
Met_neg_2200,Met_neg_2281,0.025417557930596517,undirected
Met_neg_2200,Met_neg_2352,0.025485861854658756,undirected
Met_neg_2200,Met_neg_2437,0.028030478398450374,undirected
Met_neg_2200,Met_neg_335,0.03035934562170598,undirected
Met_neg_2200,Met_neg_719,0.020929111227566872,undirected
Met_neg_2200,Met_neg_868,0.0374912869613182,undirected
Met_neg_2200,Met_neg_949,0.020050478415696904,undirected
Met_neg_2200,Met_pos_1118,0.02770045470430067,undirected
Met_neg_2200,Met_pos_1591,0.0275473424672102,undirected
Met_neg_2200,Met_pos_1653,0.03561926764095756,undirected
Met_neg_2200,Met_pos_2553,0.027454111830950263,undirected
Met_neg_2281,Met_neg_2352,0.10662720566144475,undirected
Met_neg_2281,Met_neg_2437,0.10611329661977849,undirected
Met_neg_2281,Met_neg_335,0.08008316884215534,undirected
Met_neg_2281,Met_neg_45,0.0579835281063188,undirected
Met_neg_2281,Met_neg_47,0.029524617550547284,undirected
Met_neg_2281,Met_neg_648,0.08679308622623703,undirected
Met_neg_2281,Met_neg_719,0.07586848006583846,undirected
Met_neg_2281,Met_neg_789,0.036497471145494356,undirected
Met_neg_2281,Met_neg_868,0.11195277780876314,undirected
Met_neg_2281,Met_neg_939,0.03064705160600154,undirected
Met_neg_2281,Met_neg_949,0.07336309466311795,undirected
Met_neg_2281,Met_neg_95,0.06592063133183097,undirected
Met_neg_2281,Met_pos_1098,0.040840513653060885,undirected
Met_neg_2281,Met_pos_1118,0.1693399185144508,undirected
Met_neg_2281,Met_pos_1131,0.045790330095273446,undirected
Met_neg_2281,Met_pos_1161,0.03883072295765839,undirected
Met_neg_2281,Met_pos_1203,0.022152550750839727,undirected
Met_neg_2281,Met_pos_1451,0.04175403762516992,undirected
Met_neg_2281,Met_pos_1591,0.034204818246817814,undirected
Met_neg_2281,Met_pos_1624,0.04205955287948153,undirected
Met_neg_2281,Met_pos_1653,0.11652881549219087,undirected
Met_neg_2281,Met_pos_1809,0.04176852711946501,undirected
Met_neg_2281,Met_pos_2146,0.024184908255105633,undirected
Met_neg_2281,Met_pos_2305,0.04560651837960379,undirected
Met_neg_2281,Met_pos_2311,0.06379250393141003,undirected
Met_neg_2281,Met_pos_2397,0.02408252761205343,undirected
Met_neg_2281,Met_pos_253,0.023207275460592702,undirected
Met_neg_2281,Met_pos_2553,0.03131425995239339,undirected
Met_neg_2281,Met_pos_2622,0.030649648924495603,undirected
Met_neg_2305,Met_neg_335,0.02214576825862708,undirected
Met_neg_2305,Met_pos_1203,0.027327254759021324,undirected
Met_neg_2305,Met_pos_1591,0.03344976692485668,undirected
Met_neg_2305,Met_pos_2397,0.025795827835587207,undirected
Met_neg_2305,Met_pos_2553,0.03915251998226943,undirected
Met_neg_2352,Met_neg_2437,0.11375843760373772,undirected
Met_neg_2352,Met_neg_335,0.09712921959124078,undirected
Met_neg_2352,Met_neg_374,0.023368470700759668,undirected
Met_neg_2352,Met_neg_45,0.07481350048522326,undirected
Met_neg_2352,Met_neg_47,0.028675890027752286,undirected
Met_neg_2352,Met_neg_648,0.0514884956828021,undirected
Met_neg_2352,Met_neg_719,0.08749441931367989,undirected
Met_neg_2352,Met_neg_789,0.03419124421886873,undirected
Met_neg_2352,Met_neg_868,0.11652291365848398,undirected
Met_neg_2352,Met_neg_939,0.04825238815226523,undirected
Met_neg_2352,Met_neg_949,0.07665178185649639,undirected
Met_neg_2352,Met_neg_95,0.08761228160455142,undirected
Met_neg_2352,Met_pos_1098,0.04463423393384896,undirected
Met_neg_2352,Met_pos_1118,0.13098203536190142,undirected
Met_neg_2352,Met_pos_1131,0.031987075449459446,undirected
Met_neg_2352,Met_pos_1161,0.04402515650676698,undirected
Met_neg_2352,Met_pos_1203,0.042285960841493705,undirected
Met_neg_2352,Met_pos_1451,0.04608232260502634,undirected
Met_neg_2352,Met_pos_1591,0.06122071819055725,undirected
Met_neg_2352,Met_pos_1624,0.03585274817848484,undirected
Met_neg_2352,Met_pos_1653,0.12060739693699869,undirected
Met_neg_2352,Met_pos_1809,0.05178178900390889,undirected
Met_neg_2352,Met_pos_2146,0.032005058449558886,undirected
Met_neg_2352,Met_pos_2305,0.061119572965116324,undirected
Met_neg_2352,Met_pos_2311,0.06590005598072875,undirected
Met_neg_2352,Met_pos_2397,0.04438661860255026,undirected
Met_neg_2352,Met_pos_253,0.03705276616841809,undirected
Met_neg_2352,Met_pos_2553,0.05481709673751491,undirected
Met_neg_2352,Met_pos_2622,0.03435363337278594,undirected
Met_neg_2437,Met_neg_335,0.13142473881119054,undirected
Met_neg_2437,Met_neg_374,0.027865958333169235,undirected
Met_neg_2437,Met_neg_45,0.11615332516147223,undirected
Met_neg_2437,Met_neg_47,0.02664136450099335,undirected
Met_neg_2437,Met_neg_648,0.047604089663584856,undirected
Met_neg_2437,Met_neg_719,0.11163596369775629,undirected
Met_neg_2437,Met_neg_789,0.04183377755082121,undirected
Met_neg_2437,Met_neg_868,0.10580216070741436,undirected
Met_neg_2437,Met_neg_939,0.04748898948830815,undirected
Met_neg_2437,Met_neg_949,0.09200914834822548,undirected
Met_neg_2437,Met_neg_95,0.10703668876976795,undirected
Met_neg_2437,Met_pos_1098,0.06643606707136054,undirected
Met_neg_2437,Met_pos_1118,0.12588376137398413,undirected
Met_neg_2437,Met_pos_1131,0.02583596502657478,undirected
Met_neg_2437,Met_pos_1161,0.0645073745111726,undirected
Met_neg_2437,Met_pos_1203,0.05602272142954209,undirected
Met_neg_2437,Met_pos_1451,0.06659487630133648,undirected
Met_neg_2437,Met_pos_1476,0.025413910311154638,undirected
Met_neg_2437,Met_pos_1591,0.07543265469796781,undirected
Met_neg_2437,Met_pos_1624,0.040397397223101435,undirected
Met_neg_2437,Met_pos_1653,0.138950404116779,undirected
Met_neg_2437,Met_pos_1809,0.07380944272134515,undirected
Met_neg_2437,Met_pos_2065,0.02667134857473007,undirected
Met_neg_2437,Met_pos_2146,0.05150786350915024,undirected
Met_neg_2437,Met_pos_2305,0.06486579908305411,undirected
Met_neg_2437,Met_pos_2311,0.08194771652550183,undirected
Met_neg_2437,Met_pos_2397,0.05812455563740335,undirected
Met_neg_2437,Met_pos_253,0.03834667319243497,undirected
Met_neg_2437,Met_pos_2553,0.06819434323273092,undirected
Met_neg_2437,Met_pos_2622,0.04980697020953158,undirected
Met_neg_335,Met_neg_374,0.04101360334516884,undirected
Met_neg_335,Met_neg_45,0.21630984315644292,undirected
Met_neg_335,Met_neg_47,0.028163083942843697,undirected
Met_neg_335,Met_neg_648,0.03450889003123183,undirected
Met_neg_335,Met_neg_719,0.19126767855000384,undirected
Met_neg_335,Met_neg_789,0.08857157377071605,undirected
Met_neg_335,Met_neg_868,0.11181209160668679,undirected
Met_neg_335,Met_neg_939,0.08955558966340654,undirected
Met_neg_335,Met_neg_949,0.15062234212026185,undirected
Met_neg_335,Met_neg_95,0.1655736076708935,undirected
Met_neg_335,Met_pos_1098,0.0887547597679836,undirected
Met_neg_335,Met_pos_111,0.02909015470973582,undirected
Met_neg_335,Met_pos_1118,0.09322372322631306,undirected
Met_neg_335,Met_pos_1131,0.025362784144266026,undirected
Met_neg_335,Met_pos_1161,0.14703999123736994,undirected
Met_neg_335,Met_pos_1203,0.13090981594732484,undirected
Met_neg_335,Met_pos_1451,0.1484078716786185,undirected
Met_neg_335,Met_pos_1476,0.05005582273609523,undirected
Met_neg_335,Met_pos_1591,0.15491230370438697,undirected
Met_neg_335,Met_pos_1624,0.04057600533634017,undirected
Met_neg_335,Met_pos_1653,0.17265234122540637,undirected
Met_neg_335,Met_pos_1809,0.1668721004647163,undirected
Met_neg_335,Met_pos_2065,0.07614023321043858,undirected
Met_neg_335,Met_pos_2146,0.1411484783222027,undirected
Met_neg_335,Met_pos_2305,0.09728815781265687,undirected
Met_neg_335,Met_pos_2311,0.08792014526294342,undirected
Met_neg_335,Met_pos_2397,0.1314004409530982,undirected
Met_neg_335,Met_pos_253,0.07336828294688531,undirected
Met_neg_335,Met_pos_2553,0.14521525905812976,undirected
Met_neg_335,Met_pos_2622,0.0880374279454332,undirected
Met_neg_374,Met_neg_45,0.0266575382700058,undirected
Met_neg_374,Met_neg_719,0.023322329273258745,undirected
Met_neg_374,Met_neg_868,0.033545954925870175,undirected
Met_neg_374,Met_neg_949,0.023160607806413394,undirected
Met_neg_374,Met_pos_1118,0.024620514763547815,undirected
Met_neg_374,Met_pos_1653,0.033397679775742574,undirected
Met_neg_45,Met_neg_719,0.11991746746400841,undirected
Met_neg_45,Met_neg_789,0.04590766364474394,undirected
Met_neg_45,Met_neg_868,0.09891018692329524,undirected
Met_neg_45,Met_neg_939,0.040085044128008,undirected
Met_neg_45,Met_neg_949,0.08128732467375147,undirected
Met_neg_45,Met_neg_95,0.08918751899166372,undirected
Met_neg_45,Met_pos_1098,0.0476235003637461,undirected
Met_neg_45,Met_pos_1118,0.0755845600106448,undirected
Met_neg_45,Met_pos_1161,0.06960476422078614,undirected
Met_neg_45,Met_pos_1203,0.05984829699600523,undirected
Met_neg_45,Met_pos_1451,0.07062285472717159,undirected
Met_neg_45,Met_pos_1476,0.023394460260477517,undirected
Met_neg_45,Met_pos_1591,0.09961713777599952,undirected
Met_neg_45,Met_pos_1624,0.0206533433030318,undirected
Met_neg_45,Met_pos_1653,0.15490767981233455,undirected
Met_neg_45,Met_pos_1809,0.09625555449744977,undirected
Met_neg_45,Met_pos_2065,0.039338796938473024,undirected
Met_neg_45,Met_pos_2146,0.08676045954016182,undirected
Met_neg_45,Met_pos_2305,0.05696821086159647,undirected
Met_neg_45,Met_pos_2311,0.056435801077387764,undirected
Met_neg_45,Met_pos_2397,0.06099416066588178,undirected
Met_neg_45,Met_pos_253,0.03511533660716891,undirected
Met_neg_45,Met_pos_2553,0.09377592235690874,undirected
Met_neg_45,Met_pos_2622,0.050388175351573854,undirected
Met_neg_47,Met_neg_868,0.02791085205475474,undirected
Met_neg_47,Met_neg_949,0.020161990324591046,undirected
Met_neg_47,Met_pos_1118,0.034382389786918516,undirected
Met_neg_47,Met_pos_1653,0.034032142248596145,undirected
Met_neg_648,Met_neg_719,0.027967530654805707,undirected
Met_neg_648,Met_neg_868,0.052417622674967634,undirected
Met_neg_648,Met_neg_95,0.02352976864229676,undirected
Met_neg_648,Met_pos_1118,0.0932248396597128,undirected
Met_neg_648,Met_pos_1653,0.051397840403806315,undirected
Met_neg_719,Met_neg_789,0.0525983423011005,undirected
Met_neg_719,Met_neg_868,0.10503213918445567,undirected
Met_neg_719,Met_neg_939,0.05801607988119671,undirected
Met_neg_719,Met_neg_949,0.08866716187806259,undirected
Met_neg_719,Met_neg_95,0.1547388791532022,undirected
Met_neg_719,Met_pos_1098,0.05270941211300531,undirected
Met_neg_719,Met_pos_1118,0.09721789606689885,undirected
Met_neg_719,Met_pos_1161,0.09346521127231898,undirected
Met_neg_719,Met_pos_1203,0.0970613822926017,undirected
Met_neg_719,Met_pos_1451,0.09458006002173398,undirected
Met_neg_719,Met_pos_1476,0.03237314923383065,undirected
Met_neg_719,Met_pos_1591,0.11492996647976458,undirected
Met_neg_719,Met_pos_1624,0.026754690543709936,undirected
Met_neg_719,Met_pos_1653,0.15311280422816503,undirected
Met_neg_719,Met_pos_1809,0.09408778417384873,undirected
Met_neg_719,Met_pos_2065,0.038961396901264926,undirected
Met_neg_719,Met_pos_2146,0.08237795159391076,undirected
Met_neg_719,Met_pos_2305,0.06942104653122348,undirected
Met_neg_719,Met_pos_2311,0.06446264109568506,undirected
Met_neg_719,Met_pos_2397,0.09722130996188078,undirected
Met_neg_719,Met_pos_253,0.04635028411610463,undirected
Met_neg_719,Met_pos_2553,0.11399219503133326,undirected
Met_neg_719,Met_pos_2622,0.07768461280206165,undirected
Met_neg_789,Met_neg_868,0.05172995038291151,undirected
Met_neg_789,Met_neg_939,0.02009490036745703,undirected
Met_neg_789,Met_neg_949,0.031308517100044425,undirected
Met_neg_789,Met_neg_95,0.041588864809070036,undirected
Met_neg_789,Met_pos_1118,0.04397041370310523,undirected
Met_neg_789,Met_pos_1161,0.03682510531479036,undirected
Met_neg_789,Met_pos_1203,0.03162748471308763,undirected
Met_neg_789,Met_pos_1451,0.037449700376729074,undirected
Met_neg_789,Met_pos_1591,0.05591308493323423,undirected
Met_neg_789,Met_pos_1653,0.06679865373181573,undirected
Met_neg_789,Met_pos_1809,0.023808728933454475,undirected
Met_neg_789,Met_pos_2311,0.022626350623109616,undirected
Met_neg_789,Met_pos_2397,0.03195171865669455,undirected
Met_neg_789,Met_pos_253,0.023096875086660286,undirected
Met_neg_789,Met_pos_2553,0.053776167452823216,undirected
Met_neg_868,Met_neg_939,0.05225981727635858,undirected
Met_neg_868,Met_neg_949,0.09888764828497046,undirected
Met_neg_868,Met_neg_95,0.09751598910779948,undirected
Met_neg_868,Met_pos_1098,0.052143558777604924,undirected
Met_neg_868,Met_pos_1118,0.12543066687393994,undirected
Met_neg_868,Met_pos_1131,0.040847363327658495,undirected
Met_neg_868,Met_pos_1161,0.07198965879029552,undirected
Met_neg_868,Met_pos_1203,0.05329851233183779,undirected
Met_neg_868,Met_pos_1451,0.07406170730317743,undirected
Met_neg_868,Met_pos_1476,0.026894654613279622,undirected
Met_neg_868,Met_pos_1591,0.07199834487841857,undirected
Met_neg_868,Met_pos_1624,0.03696116616127237,undirected
Met_neg_868,Met_pos_1653,0.1231075938805981,undirected
Met_neg_868,Met_pos_1809,0.07874102045592857,undirected
Met_neg_868,Met_pos_2065,0.029478999726349268,undirected
Met_neg_868,Met_pos_2146,0.04539490819675401,undirected
Met_neg_868,Met_pos_2305,0.07314777916147819,undirected
Met_neg_868,Met_pos_2311,0.06957922828777935,undirected
Met_neg_868,Met_pos_2397,0.055275978074194924,undirected
Met_neg_868,Met_pos_253,0.04356112128846373,undirected
Met_neg_868,Met_pos_2553,0.06581617819185032,undirected
Met_neg_868,Met_pos_2622,0.042273923527932036,undirected
Met_neg_939,Met_neg_949,0.03631673780775518,undirected
Met_neg_939,Met_neg_95,0.05363404264855056,undirected
Met_neg_939,Met_pos_1098,0.022727005180721994,undirected
Met_neg_939,Met_pos_1118,0.04290652137063057,undirected
Met_neg_939,Met_pos_1161,0.03080395543641584,undirected
Met_neg_939,Met_pos_1203,0.04446429881308126,undirected
Met_neg_939,Met_pos_1451,0.03075507840238312,undirected
Met_neg_939,Met_pos_1476,0.021844508607897883,undirected
Met_neg_939,Met_pos_1591,0.07878041606303261,undirected
Met_neg_939,Met_pos_1653,0.06655913925284189,undirected
Met_neg_939,Met_pos_1809,0.02776523027458765,undirected
Met_neg_939,Met_pos_2305,0.041358703178373646,undirected
Met_neg_939,Met_pos_2311,0.027754974823819785,undirected
Met_neg_939,Met_pos_2397,0.044186456784425315,undirected
Met_neg_939,Met_pos_253,0.048822372603954105,undirected
Met_neg_939,Met_pos_2553,0.07783795473787833,undirected
Met_neg_949,Met_neg_95,0.06969437093230109,undirected
Met_neg_949,Met_pos_1098,0.032387661334110765,undirected
Met_neg_949,Met_pos_1118,0.08965013666592747,undirected
Met_neg_949,Met_pos_1161,0.046222226006986715,undirected
Met_neg_949,Met_pos_1203,0.046261230448685554,undirected
Met_neg_949,Met_pos_1451,0.046804405923126347,undirected
Met_neg_949,Met_pos_1591,0.07511582984547872,undirected
Met_neg_949,Met_pos_1653,0.12468777649205043,undirected
Met_neg_949,Met_pos_1809,0.05505869756454554,undirected
Met_neg_949,Met_pos_2146,0.03812753072118312,undirected
Met_neg_949,Met_pos_2305,0.04735796307921798,undirected
Met_neg_949,Met_pos_2311,0.03856561207558294,undirected
Met_neg_949,Met_pos_2397,0.04673661940497438,undirected
Met_neg_949,Met_pos_253,0.033963636533177965,undirected
Met_neg_949,Met_pos_2553,0.07378303163515203,undirected
Met_neg_949,Met_pos_2622,0.03340252900715658,undirected
Met_neg_95,Met_pos_1098,0.045912655280470636,undirected
Met_neg_95,Met_pos_1118,0.08888569705302998,undirected
Met_neg_95,Met_pos_1161,0.06306433475205331,undirected
Met_neg_95,Met_pos_1203,0.09765829426266194,undirected
Met_neg_95,Met_pos_1451,0.06373432342176727,undirected
Met_neg_95,Met_pos_1476,0.024242983691731154,undirected
Met_neg_95,Met_pos_1591,0.12623904304534983,undirected
Met_neg_95,Met_pos_1624,0.02256551427012303,undirected
Met_neg_95,Met_pos_1653,0.13683278340506558,undirected
Met_neg_95,Met_pos_1809,0.06690307065171616,undirected
Met_neg_95,Met_pos_2065,0.027759287597006212,undirected
Met_neg_95,Met_pos_2146,0.06323806614074545,undirected
Met_neg_95,Met_pos_2305,0.06176170531536481,undirected
Met_neg_95,Met_pos_2311,0.05870151524833294,undirected
Met_neg_95,Met_pos_2397,0.09722705006658612,undirected
Met_neg_95,Met_pos_253,0.040709678300110304,undirected
Met_neg_95,Met_pos_2553,0.1269888885411663,undirected
Met_neg_95,Met_pos_2622,0.06093596754398609,undirected
Met_pos_1098,Met_pos_1118,0.045191440669905734,undirected
Met_pos_1098,Met_pos_1161,0.03819108582955848,undirected
Met_pos_1098,Met_pos_1203,0.055417321199336005,undirected
Met_pos_1098,Met_pos_1451,0.038358103456977634,undirected
Met_pos_1098,Met_pos_1591,0.08669754576655275,undirected
Met_pos_1098,Met_pos_1653,0.09385316911242733,undirected
Met_pos_1098,Met_pos_1809,0.025155050259111113,undirected
Met_pos_1098,Met_pos_2311,0.036922878382007175,undirected
Met_pos_1098,Met_pos_2397,0.054416531238020364,undirected
Met_pos_1098,Met_pos_253,0.03743318795876429,undirected
Met_pos_1098,Met_pos_2553,0.08949760854475063,undirected
Met_pos_1098,Met_pos_2622,0.021032293654204018,undirected
Met_pos_111,Met_pos_1653,0.030647954027274056,undirected
Met_pos_1118,Met_pos_1131,0.04580591231067292,undirected
Met_pos_1118,Met_pos_1161,0.04828419093794851,undirected
Met_pos_1118,Met_pos_1203,0.03193104255036882,undirected
Met_pos_1118,Met_pos_1451,0.05124057214615972,undirected
Met_pos_1118,Met_pos_1476,0.02210416528802627,undirected
Met_pos_1118,Met_pos_1591,0.04898219550724244,undirected
Met_pos_1118,Met_pos_1624,0.04876011005199733,undirected
Met_pos_1118,Met_pos_1653,0.12258770789513125,undirected
Met_pos_1118,Met_pos_1809,0.05443060202522762,undirected
Met_pos_1118,Met_pos_2065,0.022960929519684228,undirected
Met_pos_1118,Met_pos_2146,0.033255679141714005,undirected
Met_pos_1118,Met_pos_2305,0.06090684679199091,undirected
Met_pos_1118,Met_pos_2311,0.06990304569690949,undirected
Met_pos_1118,Met_pos_2397,0.03438915373078539,undirected
Met_pos_1118,Met_pos_253,0.03163871188814736,undirected
Met_pos_1118,Met_pos_2553,0.044132340756478,undirected
Met_pos_1118,Met_pos_2622,0.038677617732703964,undirected
Met_pos_1131,Met_pos_1653,0.037097181083809785,undirected
Met_pos_1161,Met_pos_1203,0.04882121329969301,undirected
Met_pos_1161,Met_pos_1451,0.24264027376586444,undirected
Met_pos_1161,Met_pos_1476,0.0496053739307055,undirected
Met_pos_1161,Met_pos_1591,0.09040475550830963,undirected
Met_pos_1161,Met_pos_1653,0.10165750773486971,undirected
Met_pos_1161,Met_pos_1809,0.07415568586605334,undirected
Met_pos_1161,Met_pos_2065,0.026440255384670753,undirected
Met_pos_1161,Met_pos_2146,0.04838473977344216,undirected
Met_pos_1161,Met_pos_2305,0.0465423100566652,undirected
Met_pos_1161,Met_pos_2311,0.03291282524430091,undirected
Met_pos_1161,Met_pos_2397,0.04895612295707009,undirected
Met_pos_1161,Met_pos_253,0.04509507062439654,undirected
Met_pos_1161,Met_pos_2553,0.08644659526186461,undirected
Met_pos_1161,Met_pos_2622,0.031172136534693116,undirected
Met_pos_1203,Met_pos_1451,0.04690655425139633,undirected
Met_pos_1203,Met_pos_1591,0.2743768252804879,undirected
Met_pos_1203,Met_pos_1653,0.09141431006415938,undirected
Met_pos_1203,Met_pos_1809,0.05105469518321576,undirected
Met_pos_1203,Met_pos_2146,0.05438321399083435,undirected
Met_pos_1203,Met_pos_2305,0.07850043035301005,undirected
Met_pos_1203,Met_pos_2311,0.06538391150443812,undirected
Met_pos_1203,Met_pos_2397,0.3694818355302677,undirected
Met_pos_1203,Met_pos_253,0.05435420472878069,undirected
Met_pos_1203,Met_pos_2553,0.3639921071486396,undirected
Met_pos_1203,Met_pos_2622,0.048453255888031906,undirected
Met_pos_1451,Met_pos_1476,0.05153286089320508,undirected
Met_pos_1451,Met_pos_1591,0.08873867042159397,undirected
Met_pos_1451,Met_pos_1653,0.10423220849208593,undirected
Met_pos_1451,Met_pos_1809,0.07354270442977101,undirected
Met_pos_1451,Met_pos_2065,0.027106652119884195,undirected
Met_pos_1451,Met_pos_2146,0.04785645737054411,undirected
Met_pos_1451,Met_pos_2305,0.04696614740006358,undirected
Met_pos_1451,Met_pos_2311,0.03358457535090607,undirected
Met_pos_1451,Met_pos_2397,0.047044054869995605,undirected
Met_pos_1451,Met_pos_253,0.043559946957215843,undirected
Met_pos_1451,Met_pos_2553,0.08461788089033091,undirected
Met_pos_1451,Met_pos_2622,0.03144188543400897,undirected
Met_pos_1476,Met_pos_1591,0.03247773223419475,undirected
Met_pos_1476,Met_pos_1653,0.03768493381051093,undirected
Met_pos_1476,Met_pos_2553,0.03071138787760525,undirected
Met_pos_1591,Met_pos_1653,0.11314152422736934,undirected
Met_pos_1591,Met_pos_1809,0.09310715302922132,undirected
Met_pos_1591,Met_pos_2065,0.029698649476749654,undirected
Met_pos_1591,Met_pos_2146,0.08371650629581465,undirected
Met_pos_1591,Met_pos_2305,0.08124611869443696,undirected
Met_pos_1591,Met_pos_2311,0.07386029929781396,undirected
Met_pos_1591,Met_pos_2397,0.2609723024222611,undirected
Met_pos_1591,Met_pos_253,0.07351138711542228,undirected
Met_pos_1591,Met_pos_2553,0.23379639859578893,undirected
Met_pos_1591,Met_pos_2622,0.07469711733959455,undirected
Met_pos_1624,Met_pos_1653,0.04925883393295974,undirected
Met_pos_1624,Met_pos_2311,0.024660884963204035,undirected
Met_pos_1653,Met_pos_1809,0.11581901653639769,undirected
Met_pos_1653,Met_pos_2065,0.06959085774875912,undirected
Met_pos_1653,Met_pos_2146,0.08442884907376137,undirected
Met_pos_1653,Met_pos_2305,0.07719876324896152,undirected
Met_pos_1653,Met_pos_2311,0.10148751869861172,undirected
Met_pos_1653,Met_pos_2397,0.09335333043541738,undirected
Met_pos_1653,Met_pos_253,0.05869878038085894,undirected
Met_pos_1653,Met_pos_2553,0.10651526070898508,undirected
Met_pos_1653,Met_pos_2622,0.06813335002371709,undirected
Met_pos_1809,Met_pos_2065,0.021240159974892286,undirected
Met_pos_1809,Met_pos_2146,0.056811836141399535,undirected
Met_pos_1809,Met_pos_2305,0.0280443041358535,undirected
Met_pos_1809,Met_pos_2311,0.03143950445593738,undirected
Met_pos_1809,Met_pos_2397,0.05149930581388068,undirected
Met_pos_1809,Met_pos_253,0.03722508242020654,undirected
Met_pos_1809,Met_pos_2553,0.09016142063711587,undirected
Met_pos_1809,Met_pos_2622,0.021867864454000928,undirected
Met_pos_2065,Met_pos_2553,0.028383004073159152,undirected
Met_pos_2146,Met_pos_2311,0.024895802956118433,undirected
Met_pos_2146,Met_pos_2397,0.05286517703197392,undirected
Met_pos_2146,Met_pos_253,0.029585387588798816,undirected
Met_pos_2146,Met_pos_2553,0.08715551457126605,undirected
Met_pos_2305,Met_pos_2311,0.03979866064283064,undirected
Met_pos_2305,Met_pos_2397,0.07851494682730122,undirected
Met_pos_2305,Met_pos_253,0.03189978958813275,undirected
Met_pos_2305,Met_pos_2553,0.09338118378681573,undirected
Met_pos_2311,Met_pos_2397,0.06526336722392759,undirected
Met_pos_2311,Met_pos_253,0.025654934327411272,undirected
Met_pos_2311,Met_pos_2553,0.08087361223588767,undirected
Met_pos_2311,Met_pos_2622,0.03337369215838355,undirected
Met_pos_2397,Met_pos_253,0.05247415347895798,undirected
Met_pos_2397,Met_pos_2553,0.3559099258223393,undirected
Met_pos_2397,Met_pos_2622,0.04767884271963056,undirected
Met_pos_253,Met_pos_2553,0.0746377601879634,undirected
Met_pos_253,Met_pos_2622,0.023794875255153593,undirected
Met_pos_2553,Met_pos_2622,0.07790763351949756,undirected
